{"accuracy": [0.7186700701713562, 0.8119220733642578, 0.8449734449386597, 0.8540232181549072, 0.8579578995704651, 0.8634664416313171, 0.8693684935569763, 0.8742868304252625, 0.8776313066482544, 0.8748770356178284], "loss": [0.539897620677948, 0.4113156199455261, 0.36550772190093994, 0.338998943567276, 0.3267248272895813, 0.31610119342803955, 0.31035056710243225, 0.3020234704017639, 0.29062125086784363, 0.29216381907463074], "val_accuracy": [0.8066037893295288, 0.8372641801834106, 0.8435534834861755, 0.8482704162597656, 0.8639937043190002, 0.8655660152435303, 0.8624213933944702, 0.8687106966972351, 0.8702830076217651, 0.8694968819618225], "val_loss": [0.4304225742816925, 0.38251620531082153, 0.3580546975135803, 0.3498709201812744, 0.3357316255569458, 0.3299410045146942, 0.3247110843658447, 0.3212374150753021, 0.318071573972702, 0.3140432834625244]}